Subreddit,title,UpVotes,UpVotes_Ratio,Score
mercedes_benz,my new E 450,249,0.99,249
mercedes_benz,Beautiful SLR from a supercar event today,65,1.0,65
mercedes_benz,2026 CLA 45 S,39,0.93,39
mercedes_benz,E63s wagon getting used for what it‚Äôs best at,1136,0.97,1136
mercedes_benz,Mercedes Selection at Classic Remise (Berlin),100,1.0,100
mercedes_benz,My first baby AMG,127,0.95,127
mercedes_benz,My son loves his Benz bear,18,0.91,18
mercedes_benz,Is it safe to continue driving as is?,470,0.96,470
mercedes_benz,Photo I took a while ago,29,0.98,29
mercedes_benz,C63 worth it ?,92,0.99,92
mercedes_benz,Is this running temp normal for my w205?,7,0.82,7
mercedes_benz,One of the most rare V12 AMG out there! Cool spot yesterday.,267,0.99,267
mercedes_benz,2027 GLE (2nd Facelift) interior,8,0.79,8
mercedes_benz,My current S-Class &amp; my father-in-law's old one. Simply iconic.,152,0.99,152
mercedes_benz,still a solid daily driver üôåüèª,31,1.0,31
mercedes_benz,Found a gl 63 amg,4,1.0,4
mercedes_benz,Found this beauty yesterday,4,1.0,4
mercedes_benz,What in the hell is this??,7,0.82,7
mercedes_benz,Diffuser to cls c218,4,1.0,4
mercedes_benz,Deal lined up for GLS450,47,0.84,47
mercedes_benz,How good is the G-Wagon‚Äôs Burmester system?,2,0.67,2
mercedes_benz,2026 GT63s,108,0.96,108
mercedes_benz,"GF was bored and decided to try what would happen if she pressed red button under the flap on the headliner. Now the car is stuck attempting to call emergency services, with the text below saying ""establishing connection"". Reconnecting the battery doesn‚Äôt help. What to do now?",235,0.9,235
mercedes_benz,Need some advice for purchasing an used Mercedes,2,1.0,2
mercedes_benz,An engine question,1,1.0,1
mercedes_benz,reason why i can‚Äôt go past 70-80?,1,1.0,1
mercedes_benz,Looking at buying an A45,2,1.0,2
mercedes_benz,"[Mercedes-Benz Unimog] never in my life I thought I was going to see a Unimog in Mexico, but here we are.",24,1.0,24
mercedes_benz,Leased GLC 350e for retired parents.,1,0.67,1
mercedes_benz,What's the difference?,0,0.33,0
mercedes_benz,"My 2019 glc 300 is lighting up with ‚Äústop vehicle leave engine running,‚Äù is this common? It popped up, went away later that day, back two days later, then gone again. Is it a safety issue? Dealer appt is next Thursday",1,1.0,1
mercedes_benz,"Mountain driving, quick pickup, C300 or C43?",5,0.78,5
mercedes_benz,Am I getting fleeced!?,9,0.76,9
mercedes_benz,"Eaq 250+ Sport Executive 2024 motorway range, please? Winter and summer",1,1.0,1
mercedes_benz,I got curious,29,0.85,29
mercedes_benz,"Low Mileage, Repaired Accident gle53",5,1.0,5
mercedes_benz,Late night vibes with new-to-me CLS53,128,0.99,128
mercedes_benz,Thinking about buying this,5,1.0,5
mercedes_benz,Is CAN bus the problem here?,0,0.33,0
mercedes_benz,How turn off esp/tc in v class,1,1.0,1
mercedes_benz,Stolen key,1,1.0,1
mercedes_benz,Leaked picture of the interior for the upcoming GLE facelift,319,0.92,319
mercedes_benz,My '01 E55 AMG,5,0.86,5
mercedes_benz,Can we retrofit w209 clk speedometer to w203 c class?,1,1.0,1
mercedes_benz,"Is $1000 a fair quote for a 2019 c300 4 matic rear brakes, rotors, sensors, etc?",4,1.0,4
mercedes_benz,Spotted a graveyard with a stone carved Mercedes,773,0.97,773
mercedes_benz,Cool to share our projects here? M112 into W113,176,0.99,176
mercedes_benz,CLA45 grill replace.,2,1.0,2
mercedes_benz,2022 AMG GT Track Series #43 of just 55 built.,8,0.9,8
mercedes_benz,"Walk-around of a 2022 AMG GT Track Series, #43/55",6,0.88,6
mercedes_benz,Any toronto MB mechanic recco not dealer,1,1.0,1
mercedes_benz,Repair Costs,3,0.8,3
mercedes_benz,"New to Me 2022 c300 4MATIC AMG Package, Exterior Mod Recs?",13,0.84,13
mercedes_benz,"I have been seeing a lot of posts of the new mercedes interior leaks &amp; people are (rightfully not happy). Anyways here is my 2020 e450, honestly my favorite mix of tech &amp; physical buttons. Wouldn‚Äôt trade it for a new e class ü§∑üèº‚Äç‚ôÇÔ∏è.",70,0.92,70
mercedes_benz,Does anyone know what‚Äôs wrong with my car?,1,1.0,1
mercedes_benz,AMG GLC63s Christmas tree,1,1.0,1
mercedes_benz,Switching into an 2023 e450/e53 coupe -- advice pls!,0,0.5,0
mercedes_benz,Wait or swap??,1,1.0,1
mercedes_benz,Trailer wiring harness to prevent false alarms -GLC300,1,1.0,1
mercedes_benz,It's amazing how bad of a service you can get from this brand. I have no idea why people buy them...,0,0.44,0
mercedes_benz,Need to Remove Charger on GLE450E Right away?,1,1.0,1
mercedes_benz,What do you think of this 2020 C300 Coupe? 29k Miles,63,1.0,63
mercedes_benz,Early Brabus-tuned 1987 Mercedes 190 E,390,1.0,390
mercedes_benz,M278 2016 CLS550 Reliability?,1,1.0,1
mercedes_benz,CLA45 grill replace.,0,0.5,0
mercedes_benz,How to fix tire pressure on 2019 E450?,2,1.0,2
mercedes_benz,Ke-jetronic experts please help,1,1.0,1
mercedes_benz,"So, uh... Anyone know what this means?",1,0.6,1
mercedes_benz,First car choose 380sl or 300sl R129Ôºü,78,0.99,78
mercedes_benz,W212 2nd row seat back rattle,1,1.0,1
mercedes_benz,W204 Pre-facelift COMAND System Modification,1,1.0,1
mercedes_benz,Center Cap Problems,1,1.0,1
mercedes_benz,2022 GLE 350 auto start stop,1,1.0,1
mercedes_benz,W201 with monoblock rim,38,0.93,38
mercedes_benz,How to remove DRL W212,1,1.0,1
mercedes_benz,"Doing an alignment on a 2016 glc 300, does anyone know where to find these?",1,1.0,1
mercedes_benz,"‚ÄúIf you get out of the car and don‚Äôt turn around to look at it, you bought the wrong car.‚Äù",57,0.98,57
mercedes_benz,Buy 2018 cls550?,1,1.0,1
mercedes_benz,Mercedes GLC/GLE coup√© full electric,1,1.0,1
mercedes_benz,Which car is worth it more as a first car,0,0.5,0
mercedes_benz,"To those who bought a Mercedes used, what repair costs did you paying right after buying? What model did you have?",5,0.78,5
mercedes_benz,315 tires on these wheelÔºü,0,0.33,0
mercedes_benz,"Ok, nice car‚Ä¶. but can you park it?",201,0.97,201
mercedes_benz,Spoted a CLS 63 Shooting Brake,32,0.95,32
mercedes_benz,MB dealership and factory engineers don‚Äòt know the cause of this noise,0,0.5,0
mercedes_benz,New to me !,57,0.97,57
mercedes_benz,2004 SLO hardtop questions,1,1.0,1
mercedes_benz,"This Robot Parks Cars Better Than Humans, a motorized platform that lifts + moves vehicles with radar precision, joystick/app controls, or fully autonomous mode. Saves space, cuts time, and dodges human parking fails.",3,0.72,3
mercedes_benz,Tired Suggestions 2021 E350,1,1.0,1
mercedes_benz,M276 W205 C43 Facelift engine oil dry AF,1,1.0,1
mercedes_benz,New wheels,22,0.93,22
mercedes_benz,Am I cooked?,1,1.0,1
mercedes_benz,Mags from glk on glb35,1,1.0,1
mercedes_benz,Bottas at Monterey Car Week??,52,1.0,52
mercedes_benz,Stuttering Cls350 Diesel,1,1.0,1
mercedes_benz,Best autel diagnostic scanner for 99 w210 e270 cdi,1,1.0,1
mercedes_benz,2025 GLC300 Issues,0,0.5,0
mercedes_benz,New Car Inquiry,1,0.67,1
mercedes_benz,2023 GLA 250 with manufactures defect and more‚Ä¶,0,0.5,0
mercedes_benz,Is this the future of AMG?,3,1.0,3
